frame,div_pos,div_px
0,0.000000000e0,0.000000000e0
1,0.000000000e0,0.000000000e0
2,0.000000000e0,0.000000000e0
3,0.000000000e0,0.000000000e0
4,0.000000000e0,0.000000000e0
5,0.000000000e0,0.000000000e0
6,0.000000000e0,0.000000000e0
7,0.000000000e0,0.000000000e0
8,0.000000000e0,0.000000000e0
9,0.000000000e0,0.000000000e0
10,0.000000000e0,0.000000000e0
11,0.000000000e0,0.000000000e0
12,0.000000000e0,0.000000000e0
13,0.000000000e0,0.000000000e0
14,0.000000000e0,0.000000000e0
15,0.000000000e0,0.000000000e0
16,0.000000000e0,0.000000000e0
17,0.000000000e0,0.000000000e0
18,0.000000000e0,0.000000000e0
19,0.000000000e0,0.000000000e0
20,0.000000000e0,0.000000000e0
21,0.000000000e0,0.000000000e0
22,0.000000000e0,0.000000000e0
23,0.000000000e0,0.000000000e0
24,0.000000000e0,0.000000000e0
25,0.000000000e0,0.000000000e0
26,0.000000000e0,0.000000000e0
27,0.000000000e0,0.000000000e0
28,0.000000000e0,0.000000000e0
29,0.000000000e0,0.000000000e0
30,0.000000000e0,0.000000000e0
31,0.000000000e0,0.000000000e0
32,0.000000000e0,0.000000000e0
33,0.000000000e0,0.000000000e0
34,0.000000000e0,0.000000000e0
35,0.000000000e0,0.000000000e0
36,0.000000000e0,0.000000000e0
37,0.000000000e0,0.000000000e0
38,0.000000000e0,0.000000000e0
39,0.000000000e0,0.000000000e0
40,0.000000000e0,0.000000000e0
41,0.000000000e0,0.000000000e0
42,0.000000000e0,0.000000000e0
43,0.000000000e0,0.000000000e0
44,0.000000000e0,0.000000000e0
45,0.000000000e0,0.000000000e0
46,0.000000000e0,0.000000000e0
47,0.000000000e0,0.000000000e0
48,0.000000000e0,0.000000000e0
49,0.000000000e0,0.000000000e0
50,0.000000000e0,0.000000000e0
51,0.000000000e0,0.000000000e0
52,0.000000000e0,0.000000000e0
53,0.000000000e0,0.000000000e0
54,0.000000000e0,0.000000000e0
55,0.000000000e0,0.000000000e0
56,0.000000000e0,0.000000000e0
57,0.000000000e0,0.000000000e0
58,0.000000000e0,0.000000000e0
59,0.000000000e0,0.000000000e0
60,0.000000000e0,0.000000000e0
61,0.000000000e0,0.000000000e0
62,0.000000000e0,0.000000000e0
63,0.000000000e0,0.000000000e0
64,0.000000000e0,0.000000000e0
65,0.000000000e0,0.000000000e0
66,0.000000000e0,0.000000000e0
67,0.000000000e0,0.000000000e0
68,0.000000000e0,0.000000000e0
69,0.000000000e0,0.000000000e0
70,0.000000000e0,0.000000000e0
71,0.000000000e0,0.000000000e0
72,0.000000000e0,0.000000000e0
73,0.000000000e0,0.000000000e0
74,0.000000000e0,0.000000000e0
75,0.000000000e0,0.000000000e0
76,0.000000000e0,0.000000000e0
77,0.000000000e0,0.000000000e0
78,0.000000000e0,0.000000000e0
79,0.000000000e0,0.000000000e0
80,0.000000000e0,0.000000000e0
81,0.000000000e0,0.000000000e0
82,0.000000000e0,0.000000000e0
83,0.000000000e0,0.000000000e0
84,0.000000000e0,0.000000000e0
85,0.000000000e0,0.000000000e0
86,0.000000000e0,0.000000000e0
87,0.000000000e0,0.000000000e0
88,0.000000000e0,0.000000000e0
89,0.000000000e0,0.000000000e0
90,0.000000000e0,0.000000000e0
91,0.000000000e0,0.000000000e0
92,0.000000000e0,0.000000000e0
93,0.000000000e0,0.000000000e0
94,0.000000000e0,0.000000000e0
95,0.000000000e0,0.000000000e0
96,0.000000000e0,0.000000000e0
97,0.000000000e0,0.000000000e0
98,0.000000000e0,0.000000000e0
99,0.000000000e0,0.000000000e0
100,0.000000000e0,0.000000000e0
101,0.000000000e0,0.000000000e0
102,0.000000000e0,0.000000000e0
103,0.000000000e0,0.000000000e0
104,0.000000000e0,0.000000000e0
105,0.000000000e0,0.000000000e0
106,0.000000000e0,0.000000000e0
107,0.000000000e0,0.000000000e0
108,0.000000000e0,0.000000000e0
109,0.000000000e0,0.000000000e0
110,0.000000000e0,0.000000000e0
111,0.000000000e0,0.000000000e0
112,0.000000000e0,0.000000000e0
113,0.000000000e0,0.000000000e0
114,0.000000000e0,0.000000000e0
115,0.000000000e0,0.000000000e0
116,0.000000000e0,0.000000000e0
117,0.000000000e0,0.000000000e0
118,0.000000000e0,0.000000000e0
119,0.000000000e0,0.000000000e0
120,0.000000000e0,0.000000000e0
121,0.000000000e0,0.000000000e0
122,0.000000000e0,0.000000000e0
123,0.000000000e0,0.000000000e0
124,0.000000000e0,0.000000000e0
125,0.000000000e0,0.000000000e0
126,0.000000000e0,0.000000000e0
127,0.000000000e0,0.000000000e0
128,0.000000000e0,0.000000000e0
129,0.000000000e0,0.000000000e0
130,0.000000000e0,0.000000000e0
131,0.000000000e0,0.000000000e0
132,0.000000000e0,0.000000000e0
133,0.000000000e0,0.000000000e0
134,0.000000000e0,0.000000000e0
135,0.000000000e0,0.000000000e0
136,0.000000000e0,0.000000000e0
137,0.000000000e0,0.000000000e0
138,0.000000000e0,0.000000000e0
139,0.000000000e0,0.000000000e0
140,0.000000000e0,0.000000000e0
141,0.000000000e0,0.000000000e0
142,0.000000000e0,0.000000000e0
143,0.000000000e0,0.000000000e0
144,0.000000000e0,0.000000000e0
145,0.000000000e0,0.000000000e0
146,0.000000000e0,0.000000000e0
147,0.000000000e0,0.000000000e0
148,0.000000000e0,0.000000000e0
149,0.000000000e0,0.000000000e0
150,0.000000000e0,0.000000000e0
151,0.000000000e0,0.000000000e0
152,0.000000000e0,0.000000000e0
153,0.000000000e0,0.000000000e0
154,0.000000000e0,0.000000000e0
155,0.000000000e0,0.000000000e0
156,0.000000000e0,0.000000000e0
157,0.000000000e0,0.000000000e0
158,0.000000000e0,0.000000000e0
159,0.000000000e0,0.000000000e0
160,0.000000000e0,0.000000000e0
161,0.000000000e0,0.000000000e0
162,0.000000000e0,0.000000000e0
163,0.000000000e0,0.000000000e0
164,0.000000000e0,0.000000000e0
165,0.000000000e0,0.000000000e0
166,0.000000000e0,0.000000000e0
167,0.000000000e0,0.000000000e0
168,0.000000000e0,0.000000000e0
169,0.000000000e0,0.000000000e0
170,0.000000000e0,0.000000000e0
171,0.000000000e0,0.000000000e0
172,0.000000000e0,0.000000000e0
173,0.000000000e0,0.000000000e0
174,0.000000000e0,0.000000000e0
175,0.000000000e0,0.000000000e0
176,0.000000000e0,0.000000000e0
177,0.000000000e0,0.000000000e0
178,0.000000000e0,0.000000000e0
179,0.000000000e0,0.000000000e0
180,0.000000000e0,0.000000000e0
181,0.000000000e0,0.000000000e0
182,0.000000000e0,0.000000000e0
183,0.000000000e0,0.000000000e0
184,0.000000000e0,0.000000000e0
185,0.000000000e0,0.000000000e0
186,0.000000000e0,0.000000000e0
187,0.000000000e0,0.000000000e0
188,0.000000000e0,0.000000000e0
189,0.000000000e0,0.000000000e0
190,0.000000000e0,0.000000000e0
191,0.000000000e0,0.000000000e0
192,0.000000000e0,0.000000000e0
193,0.000000000e0,0.000000000e0
194,0.000000000e0,0.000000000e0
195,0.000000000e0,0.000000000e0
196,0.000000000e0,0.000000000e0
197,0.000000000e0,0.000000000e0
198,0.000000000e0,0.000000000e0
199,0.000000000e0,0.000000000e0
200,0.000000000e0,0.000000000e0
201,0.000000000e0,0.000000000e0
202,0.000000000e0,0.000000000e0
203,0.000000000e0,0.000000000e0
204,0.000000000e0,0.000000000e0
205,0.000000000e0,0.000000000e0
206,0.000000000e0,0.000000000e0
207,0.000000000e0,0.000000000e0
208,0.000000000e0,0.000000000e0
209,0.000000000e0,0.000000000e0
210,0.000000000e0,0.000000000e0
211,0.000000000e0,0.000000000e0
212,0.000000000e0,0.000000000e0
213,0.000000000e0,0.000000000e0
214,0.000000000e0,0.000000000e0
215,0.000000000e0,0.000000000e0
216,0.000000000e0,0.000000000e0
217,0.000000000e0,0.000000000e0
218,0.000000000e0,0.000000000e0
219,0.000000000e0,0.000000000e0
220,0.000000000e0,0.000000000e0
221,0.000000000e0,0.000000000e0
222,0.000000000e0,0.000000000e0
223,0.000000000e0,0.000000000e0
224,0.000000000e0,0.000000000e0
225,0.000000000e0,0.000000000e0
226,0.000000000e0,0.000000000e0
227,0.000000000e0,0.000000000e0
228,0.000000000e0,0.000000000e0
229,0.000000000e0,0.000000000e0
230,0.000000000e0,0.000000000e0
231,0.000000000e0,0.000000000e0
232,0.000000000e0,0.000000000e0
233,0.000000000e0,0.000000000e0
234,0.000000000e0,0.000000000e0
235,0.000000000e0,0.000000000e0
236,0.000000000e0,0.000000000e0
237,0.000000000e0,0.000000000e0
238,0.000000000e0,0.000000000e0
239,0.000000000e0,0.000000000e0
240,0.000000000e0,0.000000000e0
241,0.000000000e0,0.000000000e0
242,0.000000000e0,0.000000000e0
243,0.000000000e0,0.000000000e0
244,0.000000000e0,0.000000000e0
245,0.000000000e0,0.000000000e0
246,0.000000000e0,0.000000000e0
247,0.000000000e0,0.000000000e0
248,0.000000000e0,0.000000000e0
249,0.000000000e0,0.000000000e0
250,0.000000000e0,0.000000000e0
251,0.000000000e0,0.000000000e0
252,0.000000000e0,0.000000000e0
253,0.000000000e0,0.000000000e0
254,0.000000000e0,0.000000000e0
255,0.000000000e0,0.000000000e0
256,0.000000000e0,0.000000000e0
257,0.000000000e0,0.000000000e0
258,0.000000000e0,0.000000000e0
259,0.000000000e0,0.000000000e0
260,0.000000000e0,0.000000000e0
261,0.000000000e0,0.000000000e0
262,0.000000000e0,0.000000000e0
263,0.000000000e0,0.000000000e0
264,0.000000000e0,0.000000000e0
265,0.000000000e0,0.000000000e0
266,0.000000000e0,0.000000000e0
267,0.000000000e0,0.000000000e0
268,0.000000000e0,0.000000000e0
269,0.000000000e0,0.000000000e0
270,0.000000000e0,0.000000000e0
271,0.000000000e0,0.000000000e0
272,0.000000000e0,0.000000000e0
273,0.000000000e0,0.000000000e0
274,0.000000000e0,0.000000000e0
275,0.000000000e0,0.000000000e0
276,0.000000000e0,0.000000000e0
277,0.000000000e0,0.000000000e0
278,0.000000000e0,0.000000000e0
279,0.000000000e0,0.000000000e0
280,0.000000000e0,0.000000000e0
281,0.000000000e0,0.000000000e0
282,0.000000000e0,0.000000000e0
283,0.000000000e0,0.000000000e0
284,0.000000000e0,0.000000000e0
285,0.000000000e0,0.000000000e0
286,0.000000000e0,0.000000000e0
287,0.000000000e0,0.000000000e0
288,0.000000000e0,0.000000000e0
289,0.000000000e0,0.000000000e0
290,0.000000000e0,0.000000000e0
291,0.000000000e0,0.000000000e0
292,0.000000000e0,0.000000000e0
293,0.000000000e0,0.000000000e0
294,0.000000000e0,0.000000000e0
295,0.000000000e0,0.000000000e0
296,0.000000000e0,0.000000000e0
297,0.000000000e0,0.000000000e0
298,0.000000000e0,0.000000000e0
299,0.000000000e0,0.000000000e0
300,0.000000000e0,0.000000000e0
301,0.000000000e0,0.000000000e0
302,0.000000000e0,0.000000000e0
303,0.000000000e0,0.000000000e0
304,0.000000000e0,0.000000000e0
305,0.000000000e0,0.000000000e0
306,0.000000000e0,0.000000000e0
307,0.000000000e0,0.000000000e0
308,0.000000000e0,0.000000000e0
309,0.000000000e0,0.000000000e0
310,0.000000000e0,0.000000000e0
311,0.000000000e0,0.000000000e0
312,0.000000000e0,0.000000000e0
313,0.000000000e0,0.000000000e0
314,0.000000000e0,0.000000000e0
315,0.000000000e0,0.000000000e0
316,0.000000000e0,0.000000000e0
317,0.000000000e0,0.000000000e0
318,0.000000000e0,0.000000000e0
319,0.000000000e0,0.000000000e0
320,0.000000000e0,0.000000000e0
321,0.000000000e0,0.000000000e0
322,0.000000000e0,0.000000000e0
323,0.000000000e0,0.000000000e0
324,0.000000000e0,0.000000000e0
325,0.000000000e0,0.000000000e0
326,0.000000000e0,0.000000000e0
327,0.000000000e0,0.000000000e0
328,0.000000000e0,0.000000000e0
329,0.000000000e0,0.000000000e0
330,0.000000000e0,0.000000000e0
331,0.000000000e0,0.000000000e0
332,0.000000000e0,0.000000000e0
333,0.000000000e0,0.000000000e0
334,0.000000000e0,0.000000000e0
335,0.000000000e0,0.000000000e0
336,0.000000000e0,0.000000000e0
337,0.000000000e0,0.000000000e0
338,0.000000000e0,0.000000000e0
339,0.000000000e0,0.000000000e0
340,0.000000000e0,0.000000000e0
341,0.000000000e0,0.000000000e0
342,0.000000000e0,0.000000000e0
343,0.000000000e0,0.000000000e0
344,0.000000000e0,0.000000000e0
345,0.000000000e0,0.000000000e0
346,0.000000000e0,0.000000000e0
347,0.000000000e0,0.000000000e0
348,0.000000000e0,0.000000000e0
349,0.000000000e0,0.000000000e0
350,0.000000000e0,0.000000000e0
351,0.000000000e0,0.000000000e0
352,0.000000000e0,0.000000000e0
353,0.000000000e0,0.000000000e0
354,0.000000000e0,0.000000000e0
355,0.000000000e0,0.000000000e0
356,0.000000000e0,0.000000000e0
357,0.000000000e0,0.000000000e0
358,0.000000000e0,0.000000000e0
359,0.000000000e0,0.000000000e0
360,0.000000000e0,0.000000000e0
361,0.000000000e0,0.000000000e0
362,0.000000000e0,0.000000000e0
363,0.000000000e0,0.000000000e0
364,0.000000000e0,0.000000000e0
365,0.000000000e0,0.000000000e0
366,0.000000000e0,0.000000000e0
367,0.000000000e0,0.000000000e0
368,0.000000000e0,0.000000000e0
369,0.000000000e0,0.000000000e0
370,0.000000000e0,0.000000000e0
371,0.000000000e0,0.000000000e0
372,0.000000000e0,0.000000000e0
373,0.000000000e0,0.000000000e0
374,0.000000000e0,0.000000000e0
375,0.000000000e0,0.000000000e0
376,0.000000000e0,0.000000000e0
377,0.000000000e0,0.000000000e0
378,0.000000000e0,0.000000000e0
379,0.000000000e0,0.000000000e0
380,0.000000000e0,0.000000000e0
381,0.000000000e0,0.000000000e0
382,0.000000000e0,0.000000000e0
383,0.000000000e0,0.000000000e0
384,0.000000000e0,0.000000000e0
385,0.000000000e0,0.000000000e0
386,0.000000000e0,0.000000000e0
387,0.000000000e0,0.000000000e0
388,0.000000000e0,0.000000000e0
389,0.000000000e0,0.000000000e0
390,0.000000000e0,0.000000000e0
391,0.000000000e0,0.000000000e0
392,0.000000000e0,0.000000000e0
393,0.000000000e0,0.000000000e0
394,0.000000000e0,0.000000000e0
395,0.000000000e0,0.000000000e0
396,0.000000000e0,0.000000000e0
397,0.000000000e0,0.000000000e0
398,0.000000000e0,0.000000000e0
399,0.000000000e0,0.000000000e0
400,0.000000000e0,0.000000000e0
401,0.000000000e0,0.000000000e0
402,0.000000000e0,0.000000000e0
403,0.000000000e0,0.000000000e0
404,0.000000000e0,0.000000000e0
405,0.000000000e0,0.000000000e0
406,0.000000000e0,0.000000000e0
407,0.000000000e0,0.000000000e0
408,0.000000000e0,0.000000000e0
409,0.000000000e0,0.000000000e0
410,0.000000000e0,0.000000000e0
411,0.000000000e0,0.000000000e0
412,0.000000000e0,0.000000000e0
413,0.000000000e0,0.000000000e0
414,0.000000000e0,0.000000000e0
415,0.000000000e0,0.000000000e0
416,0.000000000e0,0.000000000e0
417,0.000000000e0,0.000000000e0
418,0.000000000e0,0.000000000e0
419,0.000000000e0,0.000000000e0
420,0.000000000e0,0.000000000e0
421,0.000000000e0,0.000000000e0
422,0.000000000e0,0.000000000e0
423,0.000000000e0,0.000000000e0
424,0.000000000e0,0.000000000e0
425,0.000000000e0,0.000000000e0
426,0.000000000e0,0.000000000e0
427,0.000000000e0,0.000000000e0
428,0.000000000e0,0.000000000e0
429,0.000000000e0,0.000000000e0
430,0.000000000e0,0.000000000e0
431,0.000000000e0,0.000000000e0
432,0.000000000e0,0.000000000e0
433,0.000000000e0,0.000000000e0
434,0.000000000e0,0.000000000e0
435,0.000000000e0,0.000000000e0
436,0.000000000e0,0.000000000e0
437,0.000000000e0,0.000000000e0
438,0.000000000e0,0.000000000e0
439,0.000000000e0,0.000000000e0
440,0.000000000e0,0.000000000e0
441,0.000000000e0,0.000000000e0
442,0.000000000e0,0.000000000e0
443,0.000000000e0,0.000000000e0
444,0.000000000e0,0.000000000e0
445,0.000000000e0,0.000000000e0
446,0.000000000e0,0.000000000e0
447,0.000000000e0,0.000000000e0
448,0.000000000e0,0.000000000e0
449,0.000000000e0,0.000000000e0
450,0.000000000e0,0.000000000e0
451,0.000000000e0,0.000000000e0
452,0.000000000e0,0.000000000e0
453,0.000000000e0,0.000000000e0
454,0.000000000e0,0.000000000e0
455,0.000000000e0,0.000000000e0
456,0.000000000e0,0.000000000e0
457,0.000000000e0,0.000000000e0
458,0.000000000e0,0.000000000e0
459,0.000000000e0,0.000000000e0
460,0.000000000e0,0.000000000e0
461,0.000000000e0,0.000000000e0
462,0.000000000e0,0.000000000e0
463,0.000000000e0,0.000000000e0
464,0.000000000e0,0.000000000e0
465,0.000000000e0,0.000000000e0
466,0.000000000e0,0.000000000e0
467,0.000000000e0,0.000000000e0
468,0.000000000e0,0.000000000e0
469,0.000000000e0,0.000000000e0
470,0.000000000e0,0.000000000e0
471,0.000000000e0,0.000000000e0
472,0.000000000e0,0.000000000e0
473,0.000000000e0,0.000000000e0
474,0.000000000e0,0.000000000e0
475,0.000000000e0,0.000000000e0
476,0.000000000e0,0.000000000e0
477,0.000000000e0,0.000000000e0
478,0.000000000e0,0.000000000e0
479,0.000000000e0,0.000000000e0
480,0.000000000e0,0.000000000e0
481,0.000000000e0,0.000000000e0
482,0.000000000e0,0.000000000e0
483,0.000000000e0,0.000000000e0
484,0.000000000e0,0.000000000e0
485,0.000000000e0,0.000000000e0
486,0.000000000e0,0.000000000e0
487,0.000000000e0,0.000000000e0
488,0.000000000e0,0.000000000e0
489,0.000000000e0,0.000000000e0
490,0.000000000e0,0.000000000e0
491,0.000000000e0,0.000000000e0
492,0.000000000e0,0.000000000e0
493,0.000000000e0,0.000000000e0
494,0.000000000e0,0.000000000e0
495,0.000000000e0,0.000000000e0
496,0.000000000e0,0.000000000e0
497,0.000000000e0,0.000000000e0
498,0.000000000e0,0.000000000e0
499,0.000000000e0,0.000000000e0
500,0.000000000e0,0.000000000e0
501,0.000000000e0,0.000000000e0
502,0.000000000e0,0.000000000e0
503,0.000000000e0,0.000000000e0
504,0.000000000e0,0.000000000e0
505,0.000000000e0,0.000000000e0
506,0.000000000e0,0.000000000e0
507,0.000000000e0,0.000000000e0
508,0.000000000e0,0.000000000e0
509,0.000000000e0,0.000000000e0
510,0.000000000e0,0.000000000e0
511,0.000000000e0,0.000000000e0
512,0.000000000e0,0.000000000e0
513,0.000000000e0,0.000000000e0
514,0.000000000e0,0.000000000e0
515,0.000000000e0,0.000000000e0
516,0.000000000e0,0.000000000e0
517,0.000000000e0,0.000000000e0
518,0.000000000e0,0.000000000e0
519,0.000000000e0,0.000000000e0
520,0.000000000e0,0.000000000e0
521,0.000000000e0,0.000000000e0
522,0.000000000e0,0.000000000e0
523,0.000000000e0,0.000000000e0
524,0.000000000e0,0.000000000e0
525,0.000000000e0,0.000000000e0
526,0.000000000e0,0.000000000e0
527,0.000000000e0,0.000000000e0
528,0.000000000e0,0.000000000e0
529,0.000000000e0,0.000000000e0
530,0.000000000e0,0.000000000e0
531,0.000000000e0,0.000000000e0
532,0.000000000e0,0.000000000e0
533,0.000000000e0,0.000000000e0
534,0.000000000e0,0.000000000e0
535,0.000000000e0,0.000000000e0
536,0.000000000e0,0.000000000e0
537,0.000000000e0,0.000000000e0
538,0.000000000e0,0.000000000e0
539,0.000000000e0,0.000000000e0
540,0.000000000e0,0.000000000e0
541,0.000000000e0,0.000000000e0
542,0.000000000e0,0.000000000e0
543,0.000000000e0,0.000000000e0
544,0.000000000e0,0.000000000e0
545,0.000000000e0,0.000000000e0
546,0.000000000e0,0.000000000e0
547,0.000000000e0,0.000000000e0
548,0.000000000e0,0.000000000e0
549,0.000000000e0,0.000000000e0
550,0.000000000e0,0.000000000e0
551,0.000000000e0,0.000000000e0
552,0.000000000e0,0.000000000e0
553,0.000000000e0,0.000000000e0
554,0.000000000e0,0.000000000e0
555,0.000000000e0,0.000000000e0
556,0.000000000e0,0.000000000e0
557,0.000000000e0,0.000000000e0
558,0.000000000e0,0.000000000e0
559,0.000000000e0,0.000000000e0
560,0.000000000e0,0.000000000e0
561,0.000000000e0,0.000000000e0
562,0.000000000e0,0.000000000e0
563,0.000000000e0,0.000000000e0
564,0.000000000e0,0.000000000e0
565,0.000000000e0,0.000000000e0
566,0.000000000e0,0.000000000e0
567,0.000000000e0,0.000000000e0
568,0.000000000e0,0.000000000e0
569,0.000000000e0,0.000000000e0
570,0.000000000e0,0.000000000e0
571,0.000000000e0,0.000000000e0
572,0.000000000e0,0.000000000e0
573,0.000000000e0,0.000000000e0
574,0.000000000e0,0.000000000e0
575,0.000000000e0,0.000000000e0
576,0.000000000e0,0.000000000e0
577,0.000000000e0,0.000000000e0
578,0.000000000e0,0.000000000e0
579,0.000000000e0,0.000000000e0
580,0.000000000e0,0.000000000e0
581,0.000000000e0,0.000000000e0
582,0.000000000e0,0.000000000e0
583,0.000000000e0,0.000000000e0
584,0.000000000e0,0.000000000e0
585,0.000000000e0,0.000000000e0
586,0.000000000e0,0.000000000e0
587,0.000000000e0,0.000000000e0
588,0.000000000e0,0.000000000e0
589,0.000000000e0,0.000000000e0
590,0.000000000e0,0.000000000e0
591,0.000000000e0,0.000000000e0
592,0.000000000e0,0.000000000e0
593,0.000000000e0,0.000000000e0
594,0.000000000e0,0.000000000e0
595,0.000000000e0,0.000000000e0
596,0.000000000e0,0.000000000e0
597,0.000000000e0,0.000000000e0
598,0.000000000e0,0.000000000e0
599,0.000000000e0,0.000000000e0
600,0.000000000e0,0.000000000e0
601,0.000000000e0,0.000000000e0
602,0.000000000e0,0.000000000e0
603,0.000000000e0,0.000000000e0
604,0.000000000e0,0.000000000e0
605,0.000000000e0,0.000000000e0
606,0.000000000e0,0.000000000e0
607,0.000000000e0,0.000000000e0
608,0.000000000e0,0.000000000e0
609,0.000000000e0,0.000000000e0
610,0.000000000e0,0.000000000e0
611,0.000000000e0,0.000000000e0
612,0.000000000e0,0.000000000e0
613,0.000000000e0,0.000000000e0
614,0.000000000e0,0.000000000e0
615,0.000000000e0,0.000000000e0
616,0.000000000e0,0.000000000e0
617,0.000000000e0,0.000000000e0
618,0.000000000e0,0.000000000e0
619,0.000000000e0,0.000000000e0
620,0.000000000e0,0.000000000e0
621,0.000000000e0,0.000000000e0
622,0.000000000e0,0.000000000e0
623,0.000000000e0,0.000000000e0
624,0.000000000e0,0.000000000e0
625,0.000000000e0,0.000000000e0
626,0.000000000e0,0.000000000e0
627,0.000000000e0,0.000000000e0
628,0.000000000e0,0.000000000e0
629,0.000000000e0,0.000000000e0
630,0.000000000e0,0.000000000e0
631,0.000000000e0,0.000000000e0
632,0.000000000e0,0.000000000e0
633,0.000000000e0,0.000000000e0
634,0.000000000e0,0.000000000e0
635,0.000000000e0,0.000000000e0
636,0.000000000e0,0.000000000e0
637,0.000000000e0,0.000000000e0
638,0.000000000e0,0.000000000e0
639,0.000000000e0,0.000000000e0
640,0.000000000e0,0.000000000e0
641,0.000000000e0,0.000000000e0
642,0.000000000e0,0.000000000e0
643,0.000000000e0,0.000000000e0
644,0.000000000e0,0.000000000e0
645,0.000000000e0,0.000000000e0
646,0.000000000e0,0.000000000e0
647,0.000000000e0,0.000000000e0
648,0.000000000e0,0.000000000e0
649,0.000000000e0,0.000000000e0
650,0.000000000e0,0.000000000e0
651,0.000000000e0,0.000000000e0
652,0.000000000e0,0.000000000e0
653,0.000000000e0,0.000000000e0
654,0.000000000e0,0.000000000e0
655,0.000000000e0,0.000000000e0
656,0.000000000e0,0.000000000e0
657,0.000000000e0,0.000000000e0
658,0.000000000e0,0.000000000e0
659,0.000000000e0,0.000000000e0
660,0.000000000e0,0.000000000e0
661,0.000000000e0,0.000000000e0
662,0.000000000e0,0.000000000e0
663,0.000000000e0,0.000000000e0
664,0.000000000e0,0.000000000e0
665,0.000000000e0,0.000000000e0
666,0.000000000e0,0.000000000e0
667,0.000000000e0,0.000000000e0
668,0.000000000e0,0.000000000e0
669,0.000000000e0,0.000000000e0
670,0.000000000e0,0.000000000e0
671,0.000000000e0,0.000000000e0
672,0.000000000e0,0.000000000e0
673,0.000000000e0,0.000000000e0
674,0.000000000e0,0.000000000e0
675,0.000000000e0,0.000000000e0
676,0.000000000e0,0.000000000e0
677,0.000000000e0,0.000000000e0
678,0.000000000e0,0.000000000e0
679,0.000000000e0,0.000000000e0
680,0.000000000e0,0.000000000e0
681,0.000000000e0,0.000000000e0
682,0.000000000e0,0.000000000e0
683,0.000000000e0,0.000000000e0
684,0.000000000e0,0.000000000e0
685,0.000000000e0,0.000000000e0
686,0.000000000e0,0.000000000e0
687,0.000000000e0,0.000000000e0
688,0.000000000e0,0.000000000e0
689,0.000000000e0,0.000000000e0
690,0.000000000e0,0.000000000e0
691,0.000000000e0,0.000000000e0
692,0.000000000e0,0.000000000e0
693,0.000000000e0,0.000000000e0
694,0.000000000e0,0.000000000e0
695,0.000000000e0,0.000000000e0
696,0.000000000e0,0.000000000e0
697,0.000000000e0,0.000000000e0
698,0.000000000e0,0.000000000e0
699,0.000000000e0,0.000000000e0
700,0.000000000e0,0.000000000e0
701,0.000000000e0,0.000000000e0
702,0.000000000e0,0.000000000e0
703,0.000000000e0,0.000000000e0
704,0.000000000e0,0.000000000e0
705,0.000000000e0,0.000000000e0
706,0.000000000e0,0.000000000e0
707,0.000000000e0,0.000000000e0
708,0.000000000e0,0.000000000e0
709,0.000000000e0,0.000000000e0
710,0.000000000e0,0.000000000e0
711,0.000000000e0,0.000000000e0
712,0.000000000e0,0.000000000e0
713,0.000000000e0,0.000000000e0
714,0.000000000e0,0.000000000e0
715,0.000000000e0,0.000000000e0
716,0.000000000e0,0.000000000e0
717,0.000000000e0,0.000000000e0
718,0.000000000e0,0.000000000e0
719,0.000000000e0,0.000000000e0
720,0.000000000e0,0.000000000e0
721,0.000000000e0,0.000000000e0
722,0.000000000e0,0.000000000e0
723,0.000000000e0,0.000000000e0
724,0.000000000e0,0.000000000e0
725,0.000000000e0,0.000000000e0
726,0.000000000e0,0.000000000e0
727,0.000000000e0,0.000000000e0
728,0.000000000e0,0.000000000e0
729,0.000000000e0,0.000000000e0
730,0.000000000e0,0.000000000e0
731,0.000000000e0,0.000000000e0
732,0.000000000e0,0.000000000e0
733,0.000000000e0,0.000000000e0
734,0.000000000e0,0.000000000e0
735,0.000000000e0,0.000000000e0
736,0.000000000e0,0.000000000e0
737,0.000000000e0,0.000000000e0
738,0.000000000e0,0.000000000e0
739,0.000000000e0,0.000000000e0
740,0.000000000e0,0.000000000e0
741,0.000000000e0,0.000000000e0
742,0.000000000e0,0.000000000e0
743,0.000000000e0,0.000000000e0
744,0.000000000e0,0.000000000e0
745,0.000000000e0,0.000000000e0
746,0.000000000e0,0.000000000e0
747,0.000000000e0,0.000000000e0
748,0.000000000e0,0.000000000e0
749,0.000000000e0,0.000000000e0
750,0.000000000e0,0.000000000e0
751,0.000000000e0,0.000000000e0
752,0.000000000e0,0.000000000e0
753,0.000000000e0,0.000000000e0
754,0.000000000e0,0.000000000e0
755,0.000000000e0,0.000000000e0
756,0.000000000e0,0.000000000e0
757,0.000000000e0,0.000000000e0
758,0.000000000e0,0.000000000e0
759,0.000000000e0,0.000000000e0
760,0.000000000e0,0.000000000e0
761,0.000000000e0,0.000000000e0
762,0.000000000e0,0.000000000e0
763,0.000000000e0,0.000000000e0
764,0.000000000e0,0.000000000e0
765,0.000000000e0,0.000000000e0
766,0.000000000e0,0.000000000e0
767,0.000000000e0,0.000000000e0
768,0.000000000e0,0.000000000e0
769,0.000000000e0,0.000000000e0
770,0.000000000e0,0.000000000e0
771,0.000000000e0,0.000000000e0
772,0.000000000e0,0.000000000e0
773,0.000000000e0,0.000000000e0
774,0.000000000e0,0.000000000e0
775,0.000000000e0,0.000000000e0
776,0.000000000e0,0.000000000e0
777,0.000000000e0,0.000000000e0
778,0.000000000e0,0.000000000e0
779,0.000000000e0,0.000000000e0
780,0.000000000e0,0.000000000e0
781,0.000000000e0,0.000000000e0
782,0.000000000e0,0.000000000e0
783,0.000000000e0,0.000000000e0
784,0.000000000e0,0.000000000e0
785,0.000000000e0,0.000000000e0
786,0.000000000e0,0.000000000e0
787,0.000000000e0,0.000000000e0
788,0.000000000e0,0.000000000e0
789,0.000000000e0,0.000000000e0
790,0.000000000e0,0.000000000e0
791,0.000000000e0,0.000000000e0
792,0.000000000e0,0.000000000e0
793,0.000000000e0,0.000000000e0
794,0.000000000e0,0.000000000e0
795,0.000000000e0,0.000000000e0
796,0.000000000e0,0.000000000e0
797,0.000000000e0,0.000000000e0
798,0.000000000e0,0.000000000e0
799,0.000000000e0,0.000000000e0
800,0.000000000e0,0.000000000e0
801,0.000000000e0,0.000000000e0
802,0.000000000e0,0.000000000e0
803,0.000000000e0,0.000000000e0
804,0.000000000e0,0.000000000e0
805,0.000000000e0,0.000000000e0
806,0.000000000e0,0.000000000e0
807,0.000000000e0,0.000000000e0
808,0.000000000e0,0.000000000e0
809,0.000000000e0,0.000000000e0
810,0.000000000e0,0.000000000e0
811,0.000000000e0,0.000000000e0
812,0.000000000e0,0.000000000e0
813,0.000000000e0,0.000000000e0
814,0.000000000e0,0.000000000e0
815,0.000000000e0,0.000000000e0
816,0.000000000e0,0.000000000e0
817,0.000000000e0,0.000000000e0
818,0.000000000e0,0.000000000e0
819,0.000000000e0,0.000000000e0
820,0.000000000e0,0.000000000e0
821,0.000000000e0,0.000000000e0
822,0.000000000e0,0.000000000e0
823,0.000000000e0,0.000000000e0
824,0.000000000e0,0.000000000e0
825,0.000000000e0,0.000000000e0
826,0.000000000e0,0.000000000e0
827,0.000000000e0,0.000000000e0
828,0.000000000e0,0.000000000e0
829,0.000000000e0,0.000000000e0
830,0.000000000e0,0.000000000e0
831,0.000000000e0,0.000000000e0
832,0.000000000e0,0.000000000e0
833,0.000000000e0,0.000000000e0
834,0.000000000e0,0.000000000e0
835,0.000000000e0,0.000000000e0
836,0.000000000e0,0.000000000e0
837,0.000000000e0,0.000000000e0
838,0.000000000e0,0.000000000e0
839,0.000000000e0,0.000000000e0
840,0.000000000e0,0.000000000e0
841,0.000000000e0,0.000000000e0
842,0.000000000e0,0.000000000e0
843,0.000000000e0,0.000000000e0
844,0.000000000e0,0.000000000e0
845,0.000000000e0,0.000000000e0
846,0.000000000e0,0.000000000e0
847,0.000000000e0,0.000000000e0
848,0.000000000e0,0.000000000e0
849,0.000000000e0,0.000000000e0
850,0.000000000e0,0.000000000e0
851,0.000000000e0,0.000000000e0
852,0.000000000e0,0.000000000e0
853,0.000000000e0,0.000000000e0
854,0.000000000e0,0.000000000e0
855,0.000000000e0,0.000000000e0
856,0.000000000e0,0.000000000e0
857,0.000000000e0,0.000000000e0
858,0.000000000e0,0.000000000e0
859,0.000000000e0,0.000000000e0
860,0.000000000e0,0.000000000e0
861,0.000000000e0,0.000000000e0
862,0.000000000e0,0.000000000e0
863,0.000000000e0,0.000000000e0
864,0.000000000e0,0.000000000e0
865,0.000000000e0,0.000000000e0
866,0.000000000e0,0.000000000e0
867,0.000000000e0,0.000000000e0
868,0.000000000e0,0.000000000e0
869,0.000000000e0,0.000000000e0
870,0.000000000e0,0.000000000e0
871,0.000000000e0,0.000000000e0
872,0.000000000e0,0.000000000e0
873,0.000000000e0,0.000000000e0
874,0.000000000e0,0.000000000e0
875,0.000000000e0,0.000000000e0
876,0.000000000e0,0.000000000e0
877,0.000000000e0,0.000000000e0
878,0.000000000e0,0.000000000e0
879,0.000000000e0,0.000000000e0
880,0.000000000e0,0.000000000e0
881,0.000000000e0,0.000000000e0
882,0.000000000e0,0.000000000e0
883,0.000000000e0,0.000000000e0
884,0.000000000e0,0.000000000e0
885,0.000000000e0,0.000000000e0
886,0.000000000e0,0.000000000e0
887,0.000000000e0,0.000000000e0
888,0.000000000e0,0.000000000e0
889,0.000000000e0,0.000000000e0
890,0.000000000e0,0.000000000e0
891,0.000000000e0,0.000000000e0
892,0.000000000e0,0.000000000e0
893,0.000000000e0,0.000000000e0
894,0.000000000e0,0.000000000e0
895,0.000000000e0,0.000000000e0
896,0.000000000e0,0.000000000e0
897,0.000000000e0,0.000000000e0
898,0.000000000e0,0.000000000e0
899,0.000000000e0,0.000000000e0
900,0.000000000e0,0.000000000e0
901,0.000000000e0,0.000000000e0
902,0.000000000e0,0.000000000e0
903,0.000000000e0,0.000000000e0
904,0.000000000e0,0.000000000e0
905,0.000000000e0,0.000000000e0
906,0.000000000e0,0.000000000e0
907,0.000000000e0,0.000000000e0
908,0.000000000e0,0.000000000e0
909,0.000000000e0,0.000000000e0
910,0.000000000e0,0.000000000e0
911,0.000000000e0,0.000000000e0
912,0.000000000e0,0.000000000e0
913,0.000000000e0,0.000000000e0
914,0.000000000e0,0.000000000e0
915,0.000000000e0,0.000000000e0
916,0.000000000e0,0.000000000e0
917,0.000000000e0,0.000000000e0
918,0.000000000e0,0.000000000e0
919,0.000000000e0,0.000000000e0
920,0.000000000e0,0.000000000e0
921,0.000000000e0,0.000000000e0
922,0.000000000e0,0.000000000e0
923,0.000000000e0,0.000000000e0
924,0.000000000e0,0.000000000e0
925,0.000000000e0,0.000000000e0
926,0.000000000e0,0.000000000e0
927,0.000000000e0,0.000000000e0
928,0.000000000e0,0.000000000e0
929,0.000000000e0,0.000000000e0
930,0.000000000e0,0.000000000e0
931,0.000000000e0,0.000000000e0
932,0.000000000e0,0.000000000e0
933,0.000000000e0,0.000000000e0
934,0.000000000e0,0.000000000e0
935,0.000000000e0,0.000000000e0
936,0.000000000e0,0.000000000e0
937,0.000000000e0,0.000000000e0
938,0.000000000e0,0.000000000e0
939,0.000000000e0,0.000000000e0
940,0.000000000e0,0.000000000e0
941,0.000000000e0,0.000000000e0
942,0.000000000e0,0.000000000e0
943,0.000000000e0,0.000000000e0
944,0.000000000e0,0.000000000e0
945,0.000000000e0,0.000000000e0
946,0.000000000e0,0.000000000e0
947,0.000000000e0,0.000000000e0
948,0.000000000e0,0.000000000e0
949,0.000000000e0,0.000000000e0
950,0.000000000e0,0.000000000e0
951,0.000000000e0,0.000000000e0
952,0.000000000e0,0.000000000e0
953,0.000000000e0,0.000000000e0
954,0.000000000e0,0.000000000e0
955,0.000000000e0,0.000000000e0
956,0.000000000e0,0.000000000e0
957,0.000000000e0,0.000000000e0
958,0.000000000e0,0.000000000e0
959,0.000000000e0,0.000000000e0
960,0.000000000e0,0.000000000e0
961,0.000000000e0,0.000000000e0
962,0.000000000e0,0.000000000e0
963,0.000000000e0,0.000000000e0
964,0.000000000e0,0.000000000e0
965,0.000000000e0,0.000000000e0
966,0.000000000e0,0.000000000e0
967,0.000000000e0,0.000000000e0
968,0.000000000e0,0.000000000e0
969,0.000000000e0,0.000000000e0
970,0.000000000e0,0.000000000e0
971,0.000000000e0,0.000000000e0
972,0.000000000e0,0.000000000e0
973,0.000000000e0,0.000000000e0
974,0.000000000e0,0.000000000e0
975,0.000000000e0,0.000000000e0
976,0.000000000e0,0.000000000e0
977,0.000000000e0,0.000000000e0
978,0.000000000e0,0.000000000e0
979,0.000000000e0,0.000000000e0
980,0.000000000e0,0.000000000e0
981,0.000000000e0,0.000000000e0
982,0.000000000e0,0.000000000e0
983,0.000000000e0,0.000000000e0
984,0.000000000e0,0.000000000e0
985,0.000000000e0,0.000000000e0
986,0.000000000e0,0.000000000e0
987,0.000000000e0,0.000000000e0
988,0.000000000e0,0.000000000e0
989,0.000000000e0,0.000000000e0
990,0.000000000e0,0.000000000e0
991,0.000000000e0,0.000000000e0
992,0.000000000e0,0.000000000e0
993,0.000000000e0,0.000000000e0
994,0.000000000e0,0.000000000e0
995,0.000000000e0,0.000000000e0
996,0.000000000e0,0.000000000e0
997,0.000000000e0,0.000000000e0
998,0.000000000e0,0.000000000e0
999,0.000000000e0,0.000000000e0
1000,0.000000000e0,0.000000000e0
1001,0.000000000e0,0.000000000e0
1002,0.000000000e0,0.000000000e0
1003,0.000000000e0,0.000000000e0
1004,0.000000000e0,0.000000000e0
1005,0.000000000e0,0.000000000e0
1006,0.000000000e0,0.000000000e0
1007,0.000000000e0,0.000000000e0
1008,0.000000000e0,0.000000000e0
1009,0.000000000e0,0.000000000e0
1010,0.000000000e0,0.000000000e0
1011,0.000000000e0,0.000000000e0
1012,0.000000000e0,0.000000000e0
1013,0.000000000e0,0.000000000e0
1014,0.000000000e0,0.000000000e0
1015,0.000000000e0,0.000000000e0
1016,0.000000000e0,0.000000000e0
1017,0.000000000e0,0.000000000e0
1018,0.000000000e0,0.000000000e0
1019,0.000000000e0,0.000000000e0
1020,0.000000000e0,0.000000000e0
1021,0.000000000e0,0.000000000e0
1022,0.000000000e0,0.000000000e0
1023,0.000000000e0,0.000000000e0
1024,0.000000000e0,0.000000000e0
1025,0.000000000e0,0.000000000e0
1026,0.000000000e0,0.000000000e0
1027,0.000000000e0,0.000000000e0
1028,0.000000000e0,0.000000000e0
1029,0.000000000e0,0.000000000e0
1030,0.000000000e0,0.000000000e0
1031,0.000000000e0,0.000000000e0
1032,0.000000000e0,0.000000000e0
1033,0.000000000e0,0.000000000e0
1034,0.000000000e0,0.000000000e0
1035,0.000000000e0,0.000000000e0
1036,0.000000000e0,0.000000000e0
1037,0.000000000e0,0.000000000e0
1038,0.000000000e0,0.000000000e0
1039,0.000000000e0,0.000000000e0
1040,0.000000000e0,0.000000000e0
1041,0.000000000e0,0.000000000e0
1042,0.000000000e0,0.000000000e0
1043,0.000000000e0,0.000000000e0
1044,0.000000000e0,0.000000000e0
1045,0.000000000e0,0.000000000e0
1046,0.000000000e0,0.000000000e0
1047,0.000000000e0,0.000000000e0
1048,0.000000000e0,0.000000000e0
1049,0.000000000e0,0.000000000e0
1050,0.000000000e0,0.000000000e0
1051,0.000000000e0,0.000000000e0
1052,0.000000000e0,0.000000000e0
1053,0.000000000e0,0.000000000e0
1054,0.000000000e0,0.000000000e0
1055,0.000000000e0,0.000000000e0
1056,0.000000000e0,0.000000000e0
1057,0.000000000e0,0.000000000e0
1058,0.000000000e0,0.000000000e0
1059,0.000000000e0,0.000000000e0
1060,0.000000000e0,0.000000000e0
1061,0.000000000e0,0.000000000e0
1062,0.000000000e0,0.000000000e0
1063,0.000000000e0,0.000000000e0
1064,0.000000000e0,0.000000000e0
1065,0.000000000e0,0.000000000e0
1066,0.000000000e0,0.000000000e0
1067,0.000000000e0,0.000000000e0
1068,0.000000000e0,0.000000000e0
1069,0.000000000e0,0.000000000e0
1070,0.000000000e0,0.000000000e0
1071,0.000000000e0,0.000000000e0
1072,0.000000000e0,0.000000000e0
1073,0.000000000e0,0.000000000e0
1074,0.000000000e0,0.000000000e0
1075,0.000000000e0,0.000000000e0
1076,0.000000000e0,0.000000000e0
1077,0.000000000e0,0.000000000e0
1078,0.000000000e0,0.000000000e0
1079,0.000000000e0,0.000000000e0
1080,0.000000000e0,0.000000000e0
1081,0.000000000e0,0.000000000e0
1082,0.000000000e0,0.000000000e0
1083,0.000000000e0,0.000000000e0
1084,0.000000000e0,0.000000000e0
1085,0.000000000e0,0.000000000e0
1086,0.000000000e0,0.000000000e0
1087,0.000000000e0,0.000000000e0
1088,0.000000000e0,0.000000000e0
1089,0.000000000e0,0.000000000e0
1090,0.000000000e0,0.000000000e0
1091,0.000000000e0,0.000000000e0
1092,0.000000000e0,0.000000000e0
1093,0.000000000e0,0.000000000e0
1094,0.000000000e0,0.000000000e0
1095,0.000000000e0,0.000000000e0
1096,0.000000000e0,0.000000000e0
1097,0.000000000e0,0.000000000e0
1098,0.000000000e0,0.000000000e0
1099,0.000000000e0,0.000000000e0
1100,0.000000000e0,0.000000000e0
1101,0.000000000e0,0.000000000e0
1102,0.000000000e0,0.000000000e0
1103,0.000000000e0,0.000000000e0
1104,0.000000000e0,0.000000000e0
1105,0.000000000e0,0.000000000e0
1106,0.000000000e0,0.000000000e0
1107,0.000000000e0,0.000000000e0
1108,0.000000000e0,0.000000000e0
1109,0.000000000e0,0.000000000e0
1110,0.000000000e0,0.000000000e0
1111,0.000000000e0,0.000000000e0
1112,0.000000000e0,0.000000000e0
1113,0.000000000e0,0.000000000e0
1114,0.000000000e0,0.000000000e0
1115,0.000000000e0,0.000000000e0
1116,0.000000000e0,0.000000000e0
1117,0.000000000e0,0.000000000e0
1118,0.000000000e0,0.000000000e0
1119,0.000000000e0,0.000000000e0
1120,0.000000000e0,0.000000000e0
1121,0.000000000e0,0.000000000e0
1122,0.000000000e0,0.000000000e0
1123,0.000000000e0,0.000000000e0
1124,0.000000000e0,0.000000000e0
1125,0.000000000e0,0.000000000e0
1126,0.000000000e0,0.000000000e0
1127,0.000000000e0,0.000000000e0
1128,0.000000000e0,0.000000000e0
1129,0.000000000e0,0.000000000e0
1130,0.000000000e0,0.000000000e0
1131,0.000000000e0,0.000000000e0
1132,0.000000000e0,0.000000000e0
1133,0.000000000e0,0.000000000e0
1134,0.000000000e0,0.000000000e0
1135,0.000000000e0,0.000000000e0
1136,0.000000000e0,0.000000000e0
1137,0.000000000e0,0.000000000e0
1138,0.000000000e0,0.000000000e0
1139,0.000000000e0,0.000000000e0
1140,0.000000000e0,0.000000000e0
1141,0.000000000e0,0.000000000e0
1142,0.000000000e0,0.000000000e0
1143,0.000000000e0,0.000000000e0
1144,0.000000000e0,0.000000000e0
1145,0.000000000e0,0.000000000e0
1146,0.000000000e0,0.000000000e0
1147,0.000000000e0,0.000000000e0
1148,0.000000000e0,0.000000000e0
1149,0.000000000e0,0.000000000e0
1150,0.000000000e0,0.000000000e0
1151,0.000000000e0,0.000000000e0
1152,0.000000000e0,0.000000000e0
1153,0.000000000e0,0.000000000e0
1154,0.000000000e0,0.000000000e0
1155,0.000000000e0,0.000000000e0
1156,0.000000000e0,0.000000000e0
1157,0.000000000e0,0.000000000e0
1158,0.000000000e0,0.000000000e0
1159,0.000000000e0,0.000000000e0
1160,0.000000000e0,0.000000000e0
1161,0.000000000e0,0.000000000e0
1162,0.000000000e0,0.000000000e0
1163,0.000000000e0,0.000000000e0
1164,0.000000000e0,0.000000000e0
1165,0.000000000e0,0.000000000e0
1166,0.000000000e0,0.000000000e0
1167,0.000000000e0,0.000000000e0
1168,0.000000000e0,0.000000000e0
1169,0.000000000e0,0.000000000e0
1170,0.000000000e0,0.000000000e0
1171,0.000000000e0,0.000000000e0
1172,0.000000000e0,0.000000000e0
1173,0.000000000e0,0.000000000e0
1174,0.000000000e0,0.000000000e0
1175,0.000000000e0,0.000000000e0
1176,0.000000000e0,0.000000000e0
1177,0.000000000e0,0.000000000e0
1178,0.000000000e0,0.000000000e0
1179,0.000000000e0,0.000000000e0
1180,0.000000000e0,0.000000000e0
1181,0.000000000e0,0.000000000e0
1182,0.000000000e0,0.000000000e0
1183,0.000000000e0,0.000000000e0
1184,0.000000000e0,0.000000000e0
1185,0.000000000e0,0.000000000e0
1186,0.000000000e0,0.000000000e0
1187,0.000000000e0,0.000000000e0
1188,0.000000000e0,0.000000000e0
1189,0.000000000e0,0.000000000e0
1190,0.000000000e0,0.000000000e0
1191,0.000000000e0,0.000000000e0
1192,0.000000000e0,0.000000000e0
1193,0.000000000e0,0.000000000e0
1194,0.000000000e0,0.000000000e0
1195,0.000000000e0,0.000000000e0
1196,0.000000000e0,0.000000000e0
1197,0.000000000e0,0.000000000e0
1198,0.000000000e0,0.000000000e0
1199,0.000000000e0,0.000000000e0
